pick,event_id,label,event_type,kind,status,raw_date,precision,calendar,rt_year,possible_from,possible_to,alternatives,loc_via,lat,lon,subregion,region_evidence,sitelinks,relations,flags,wikidata,enwiki
hard:coarse-date,Q18639395:death,Abu'l-Asa'ir Ahmad ibn Nasr,death,point,ok,+0901-01-01T00:00:00Z,century,gregorian,951.0,901.0,1001.0,1,none,,,unlocated,True,5,,,https://www.wikidata.org/wiki/Q18639395,https://en.wikipedia.org/wiki/Abu'l-Asha'ir_Ahmad_ibn_Nasr
hard:coarse-date,Q1341903:birth,"Engelbert I, Count of Gorizia",birth,point,ok,+1100-01-01T00:00:00Z,century,gregorian,1051.0,1001.0,1101.0,1,none,,,unlocated,True,6,,century-year-ends-00,https://www.wikidata.org/wiki/Q1341903,
hard:coarse-date,Q2563010:birth,Werner von Ellerbach,birth,point,ok,+1050-00-00T00:00:00Z,century,julian,1051.0,1001.0,1101.0,1,none,,,unlocated,True,1,,,https://www.wikidata.org/wiki/Q2563010,
hard:multi-claim,Q360112:death,"Boleslaus I, Duke of Bohemia",death,point,ok,+0972-07-15T00:00:00Z,day,julian,972.6,972.6,972.6,2,P20,49.833333333,14.333333333,central_north,False,32,,,https://www.wikidata.org/wiki/Q360112,https://en.wikipedia.org/wiki/Boleslaus_I_of_Bohemia
hard:multi-claim,Q518588:birth,Symeon of Trier,birth,point,needsReview,+0980-00-00T00:00:00Z,year,julian,985.5,980.0,991.0,2,P19,37.069166666,15.2875,italy_w_med,False,17,,,https://www.wikidata.org/wiki/Q518588,https://en.wikipedia.org/wiki/Symeon_of_Trier
hard:multi-claim,Q22689712:death,Ibn al-Fakhkhār,death,point,ok,+1028-00-00T00:00:00Z,year,gregorian,1028.5,1028.0,1029.0,2,P20,39.47,-0.376388888,iberia_gaul,False,2,,,https://www.wikidata.org/wiki/Q22689712,
hard:needsReview,Q2821732:death,Abou Doulaf,death,point,needsReview,+0985-01-01T00:00:00Z,year,gregorian,993.0,985.0,1001.0,2,none,,,unlocated,True,15,,,https://www.wikidata.org/wiki/Q2821732,
hard:needsReview,Q62033:birth,Gisela of Swabia,birth,point,needsReview,+0990-11-13T00:00:00Z,day,julian,994.9,989.9,999.9,3,P19,48.4,10.0,central_north,False,31,,,https://www.wikidata.org/wiki/Q62033,https://en.wikipedia.org/wiki/Gisela_of_Swabia
hard:needsReview,Q506071:birth,"Soběslav I, Duke of Bohemia",birth,point,needsReview,+1075-00-00T00:00:00Z,year,julian,1083.0,1075.0,1091.0,3,P19,50.0875,14.421388888,central_north,False,23,,,https://www.wikidata.org/wiki/Q506071,https://en.wikipedia.org/wiki/Soběslav_I_of_Bohemia
hard:no-relations,Q14946122:death,Giovanniccia Candiano,death,point,ok,+1000-00-00T00:00:00Z,century,gregorian,951.0,901.0,1001.0,1,none,,,unlocated,True,5,,century-year-ends-00,https://www.wikidata.org/wiki/Q14946122,https://en.wikipedia.org/wiki/Giovanniccia_Candiano
hard:no-relations,Q2929990:birth,Berenguer de Sant Pàpol,birth,point,ok,+1000-00-00T00:00:00Z,decade,julian,1005.0,1000.0,1010.0,1,P19,43.083333333,2.416666666,iberia_gaul,False,3,,,https://www.wikidata.org/wiki/Q2929990,
hard:no-relations,Q2543319:death,Walthard,death,point,ok,+1012-08-12T00:00:00Z,day,julian,1012.6,1012.6,1012.7,1,P20,51.5033,11.9539,central_north,False,3,,,https://www.wikidata.org/wiki/Q2543319,https://en.wikipedia.org/wiki/Walthard
hard:unlocated,Q2094063:birth,Estrid of the Obotrites,birth,point,ok,+0979-01-01T00:00:00Z,year,gregorian,979.5,979.0,980.0,1,none,,,unlocated,True,22,,,https://www.wikidata.org/wiki/Q2094063,https://en.wikipedia.org/wiki/Estrid_of_the_Obotrites
hard:unlocated,Q1587713:birth,Hartwig,birth,point,ok,+0990-00-00T00:00:00Z,year,gregorian,990.5,990.0,991.0,1,none,,,unlocated,True,4,,,https://www.wikidata.org/wiki/Q1587713,
hard:unlocated,Q4850620:birth,Baldwin of Rieti,birth,point,ok,+1100-00-00T00:00:00Z,century,julian,1051.0,1001.0,1101.0,1,none,,,unlocated,True,5,,century-year-ends-00,https://www.wikidata.org/wiki/Q4850620,https://en.wikipedia.org/wiki/Baldwin_of_Rieti
stratified,Q15850683:birth,Thiento von Wessobrunn,birth,point,ok,+0900-00-00T00:00:00Z,millennium,julian,501.0,1.0,1001.0,1,none,,,unlocated,True,1,,,https://www.wikidata.org/wiki/Q15850683,
stratified,Q2202765:birth,Rorik I,birth,point,ok,+0800-00-00T00:00:00Z,millennium,julian,501.0,1.0,1001.0,1,none,,,unlocated,True,2,,,https://www.wikidata.org/wiki/Q2202765,https://en.wikipedia.org/wiki/Rorik_I
stratified,Q1281221:death,Antony II of Constantinople,death,point,ok,+0901-02-12T00:00:00Z,day,julian,901.2,901.2,901.2,1,P20,41.01224,28.976018,balkans_byzantium,False,17,,,https://www.wikidata.org/wiki/Q1281221,https://en.wikipedia.org/wiki/Antony_II_of_Constantinople
stratified,Q3722920:death,Elias of Enna,death,point,ok,+0903-08-17T00:00:00Z,day,gregorian,903.6,903.6,903.6,1,P20,40.640277777,22.935555555,balkans_byzantium,False,10,,,https://www.wikidata.org/wiki/Q3722920,https://en.wikipedia.org/wiki/Elias_of_Enna
stratified,Q242670:death,Ealhswith,death,point,needsReview,+0902-12-05T00:00:00Z,day,julian,904.5,903.0,906.0,2,P20,51.063333333,-1.308611111,british_isles,False,26,,,https://www.wikidata.org/wiki/Q242670,https://en.wikipedia.org/wiki/Ealhswith
stratified,Q5559871:birth,Abu ibn 'Abd al-Barr,birth,point,ok,+0901-00-00T00:00:00Z,decade,julian,905.0,900.0,910.0,1,none,,,unlocated,True,1,,,https://www.wikidata.org/wiki/Q5559871,
stratified,Q136832022:birth,Q136832022,birth,point,ok,+0916-03-05T00:00:00Z,day,julian,916.2,916.2,916.2,1,P19,53.1067,7.41667,central_north,False,1,,,https://www.wikidata.org/wiki/Q136832022,
stratified,Q118087:death,Saint Ludmila of Bohemia,death,point,ok,+0921-09-15T00:00:00Z,day,julian,921.7,921.7,921.7,1,P20,49.949399584,14.10231267,central_north,False,35,,,https://www.wikidata.org/wiki/Q118087,https://en.wikipedia.org/wiki/Ludmila_of_Bohemia
stratified,Q191767:birth,Edred of England,birth,point,ok,+0923-00-00T00:00:00Z,year,julian,923.5,923.0,924.0,1,P19,51.2,-2.0,british_isles,False,58,,,https://www.wikidata.org/wiki/Q191767,https://en.wikipedia.org/wiki/Eadred
stratified,Q819630:death,Burchard II of Swabia,death,point,ok,+0926-04-29T00:00:00Z,day,julian,926.4,926.4,926.4,1,P20,45.45,8.62,italy_w_med,False,19,,,https://www.wikidata.org/wiki/Q819630,https://en.wikipedia.org/wiki/Burchard_II_of_Swabia
stratified,Q3739416:birth,Fantinus,birth,point,ok,+0927-00-00T00:00:00Z,year,julian,927.5,927.0,928.0,1,P19,38.366666666,15.85,italy_w_med,False,3,,,https://www.wikidata.org/wiki/Q3739416,https://en.wikipedia.org/wiki/Fantinus
stratified,Q3111665:death,Yusuf ibn Abi'l-Saj,death,point,ok,+0928-00-00T00:00:00Z,year,julian,928.5,928.0,929.0,1,P20,32.03,44.4,anatolia_levant_af,False,14,,,https://www.wikidata.org/wiki/Q3111665,https://en.wikipedia.org/wiki/Yusuf_ibn_Abi'l-Saj
stratified,Q4670097:death,Abu Bakr Ibn Mujāhid,death,point,ok,+0936-01-01T00:00:00Z,year,gregorian,936.5,936.0,937.0,1,P20,33.315277777,44.366111111,anatolia_levant_af,False,13,,,https://www.wikidata.org/wiki/Q4670097,https://en.wikipedia.org/wiki/Abu_Bakr_Ibn_Mujāhid
stratified,Q8775636:death,Emma of Barcelona,death,point,ok,+0942-01-01T00:00:00Z,year,gregorian,942.5,942.0,943.0,1,P20,42.236111111,2.286666666,iberia_gaul,False,4,,,https://www.wikidata.org/wiki/Q8775636,
stratified,Q16378442:death,Abubakr Urmavi,death,point,ok,+0944-00-00T00:00:00Z,year,gregorian,944.5,944.0,945.0,1,none,,,unlocated,True,2,,,https://www.wikidata.org/wiki/Q16378442,
stratified,Q16593877:birth,Gerberga d'Ivrea,birth,point,ok,+0945-01-01T00:00:00Z,year,julian,945.5,945.0,946.0,1,P19,45.462222,7.874722,iberia_gaul,False,2,,,https://www.wikidata.org/wiki/Q16593877,
stratified,Q4258976:birth,Leontius of Rostov,birth,point,ok,+0950-00-00T00:00:00Z,century,julian,951.0,901.0,1001.0,1,P19,41.01224,28.976018,balkans_byzantium,False,6,,,https://www.wikidata.org/wiki/Q4258976,
stratified,Q24266057:birth,Lesceline,birth,point,ok,+0950-00-00T00:00:00Z,century,julian,951.0,901.0,1001.0,1,P19,49.181388888,-0.363611111,british_isles,False,2,,,https://www.wikidata.org/wiki/Q24266057,
stratified,Q5191560:birth,Csanád,birth,point,ok,+0950-00-00T00:00:00Z,century,julian,951.0,901.0,1001.0,1,none,,,unlocated,True,7,,,https://www.wikidata.org/wiki/Q5191560,https://en.wikipedia.org/wiki/Csanád
stratified,Q121748:birth,Wigbert de Misnie,birth,point,ok,+0950-00-00T00:00:00Z,century,julian,951.0,901.0,1001.0,1,none,,,unlocated,True,8,,,https://www.wikidata.org/wiki/Q121748,
stratified,Q2266589:birth,Sidi Mahrez,birth,point,ok,+0951-01-01T00:00:00Z,year,gregorian,951.5,951.0,952.0,1,P19,36.8625,10.195555555,italy_w_med,False,11,,,https://www.wikidata.org/wiki/Q2266589,https://en.wikipedia.org/wiki/Sidi_Mahrez
stratified,Q464081:birth,Theophanu,birth,point,needsReview,+0960-00-00T00:00:00Z,year,julian,959.5,958.0,961.0,2,P19,41.01224,28.976018,balkans_byzantium,False,38,,,https://www.wikidata.org/wiki/Q464081,https://en.wikipedia.org/wiki/Theophanu
stratified,Q17122486:birth,Björn Asbrandsson,birth,point,ok,+0960-00-00T00:00:00Z,year,gregorian,960.5,960.0,961.0,1,P19,65.0,-19.0,central_north,False,5,,,https://www.wikidata.org/wiki/Q17122486,https://en.wikipedia.org/wiki/Bjorn_Asbrandsson
stratified,Q4670445:birth,Abu al-Hakam al-Kirmani,birth,point,ok,+0970-00-00T00:00:00Z,year,julian,970.5,970.0,971.0,1,P19,37.89,-4.78,iberia_gaul,False,9,,,https://www.wikidata.org/wiki/Q4670445,https://en.wikipedia.org/wiki/Abu_al-Hakam_al-Kirmani
stratified,Q463997:birth,Meinwerk,birth,point,ok,+0975-00-00T00:00:00Z,decade,julian,975.0,970.0,980.0,1,P19,51.966666666,5.733333333,central_north,False,10,,,https://www.wikidata.org/wiki/Q463997,https://en.wikipedia.org/wiki/Meinwerk
stratified,Q105516751:death,Ibn ḥywyh,death,point,ok,+0977-01-01T00:00:00Z,year,gregorian,977.5,977.0,978.0,1,P20,33.315277777,44.366111111,anatolia_levant_af,False,2,,,https://www.wikidata.org/wiki/Q105516751,
stratified,Q6240688:birth,John IV of Naples,birth,point,ok,+0977-00-00T00:00:00Z,year,julian,977.5,977.0,978.0,1,P19,40.835833333,14.248611111,italy_w_med,False,9,,,https://www.wikidata.org/wiki/Q6240688,https://en.wikipedia.org/wiki/John_IV_of_Naples
stratified,Q96886723:birth,Abu al-Jawa'iz al-Wasiti,birth,point,ok,+0992-00-00T00:00:00Z,year,julian,992.5,992.0,993.0,1,P19,32.189111111,46.281722222,anatolia_levant_af,False,1,,,https://www.wikidata.org/wiki/Q96886723,
stratified,Q342520:death,Bermudo II of León,death,point,ok,+0999-09-04T00:00:00Z,day,julian,999.7,999.7,999.7,1,P20,42.635,-6.736944444,iberia_gaul,False,31,,,https://www.wikidata.org/wiki/Q342520,https://en.wikipedia.org/wiki/Bermudo_II_of_León
stratified,Q113359263:death,Candida of Whitchurch,death,point,ok,+1000-00-00T00:00:00Z,year,julian,1000.5,1000.0,1001.0,1,P20,50.75,-2.85,british_isles,False,2,,,https://www.wikidata.org/wiki/Q113359263,https://en.wikipedia.org/wiki/Saint_Wite
stratified,Q6240688:death,John IV of Naples,death,point,ok,+1004-00-00T00:00:00Z,year,gregorian,1004.5,1004.0,1005.0,1,P20,40.835833333,14.248611111,italy_w_med,False,9,,,https://www.wikidata.org/wiki/Q6240688,https://en.wikipedia.org/wiki/John_IV_of_Naples
stratified,Q270740:death,Samuel of Bulgaria,death,point,ok,+1014-10-06T00:00:00Z,day,julian,1014.8,1014.8,1014.8,1,P20,40.78,21.09,balkans_byzantium,False,43,,,https://www.wikidata.org/wiki/Q270740,https://en.wikipedia.org/wiki/Samuel_of_Bulgaria
stratified,Q183499:death,Æthelred the Unready,death,point,ok,+1016-04-23T00:00:00Z,day,julian,1016.3,1016.3,1016.3,1,P20,51.507222222,-0.1275,british_isles,False,60,,,https://www.wikidata.org/wiki/Q183499,https://en.wikipedia.org/wiki/Æthelred_the_Unready
stratified,Q1792253:birth,Conrad of Pfullingen,birth,point,ok,+1016-00-00T00:00:00Z,year,julian,1016.5,1016.0,1017.0,1,P19,48.465555555,9.226111111,central_north,False,6,,,https://www.wikidata.org/wiki/Q1792253,https://en.wikipedia.org/wiki/Conrad_of_Pfullingen
stratified,Q11904655:birth,Al-Mubashshir ibn Fātik,birth,point,ok,+1019-00-00T00:00:00Z,year,gregorian,1019.5,1019.0,1020.0,1,P19,33.513,36.292,anatolia_levant_af,False,6,,,https://www.wikidata.org/wiki/Q11904655,https://en.wikipedia.org/wiki/Al-Mubashshir_ibn_Fatik
stratified,Q109260140:death,Q109260140,death,point,ok,+1024-00-00T00:00:00Z,year,julian,1024.5,1024.0,1025.0,1,P20,33.315277777,44.366111111,anatolia_levant_af,False,2,,,https://www.wikidata.org/wiki/Q109260140,
stratified,Q919001:death,Muhammad III of Córdoba,death,point,ok,+1025-00-00T00:00:00Z,year,gregorian,1025.5,1025.0,1026.0,1,P20,39.981944444,-2.862222222,iberia_gaul,False,25,,,https://www.wikidata.org/wiki/Q919001,https://en.wikipedia.org/wiki/Muhammad_III_of_Córdoba
stratified,Q108695962:birth,Nicolas of Normandy,birth,point,ok,+1027-01-01T00:00:00Z,year,gregorian,1027.5,1027.0,1028.0,1,none,,,unlocated,True,0,,,https://www.wikidata.org/wiki/Q108695962,
stratified,Q227724:birth,Victor III,birth,point,ok,+1027-01-01T00:00:00Z,year,julian,1027.5,1027.0,1028.0,2,P19,41.133333333,14.783333333,italy_w_med,False,70,P1344:1,,https://www.wikidata.org/wiki/Q227724,https://en.wikipedia.org/wiki/Pope_Victor_III
stratified,Q222735:death,"Ezzo, Count Palatine of Lotharingia",death,point,ok,+1034-03-21T00:00:00Z,day,julian,1034.3,1034.3,1034.3,1,P20,50.650555555,11.354166666,central_north,False,16,,,https://www.wikidata.org/wiki/Q222735,"https://en.wikipedia.org/wiki/Ezzo,_Count_Palatine_of_Lotharingia"
stratified,Q41838:death,Michael V Kalaphates,death,point,ok,+1042-08-24T00:00:00Z,day,julian,1042.7,1042.7,1042.7,1,P20,40.99611111,28.92861111,balkans_byzantium,False,48,,,https://www.wikidata.org/wiki/Q41838,https://en.wikipedia.org/wiki/Michael_V_Kalaphates
stratified,Q113793121:death,Ysarnus,death,point,ok,+1047-01-01T00:00:00Z,year,gregorian,1047.5,1047.0,1048.0,1,none,,,unlocated,True,0,,,https://www.wikidata.org/wiki/Q113793121,
stratified,Q9662155:birth,Boson II de Châtellerault,birth,point,ok,+1050-00-00T00:00:00Z,year,gregorian,1050.5,1050.0,1051.0,1,P19,46.816944444,0.545277777,iberia_gaul,False,1,,,https://www.wikidata.org/wiki/Q9662155,
stratified,Q940404:birth,"Waltheof, Earl of Northumbria",birth,point,ok,+1050-00-00T00:00:00Z,year,julian,1050.5,1050.0,1051.0,2,P19,53.380833333,-1.470277777,british_isles,False,15,,,https://www.wikidata.org/wiki/Q940404,"https://en.wikipedia.org/wiki/Waltheof,_Earl_of_Northumbria"
stratified,Q2696170:death,Amico di Rambona,death,point,ok,+1100-00-00T00:00:00Z,century,gregorian,1051.0,1001.0,1101.0,1,P20,43.267775,13.348138888,italy_w_med,False,2,,century-year-ends-00,https://www.wikidata.org/wiki/Q2696170,
stratified,Q4777142:birth,Antonius Melissa,birth,point,ok,+1100-00-00T00:00:00Z,century,julian,1051.0,1001.0,1101.0,1,P19,41.0125,28.98,balkans_byzantium,False,4,,century-year-ends-00,https://www.wikidata.org/wiki/Q4777142,https://en.wikipedia.org/wiki/Loci_Communes_(Antonius_Melissa)
stratified,Q106040508:birth,Fiorenzo Donati,birth,point,ok,+1100-00-00T00:00:00Z,century,julian,1051.0,1001.0,1101.0,1,P19,43.771388888,11.254166666,italy_w_med,False,0,,century-year-ends-00,https://www.wikidata.org/wiki/Q106040508,
stratified,Q2614469:birth,Cadwgan ap Bleddyn,birth,point,ok,+1051-01-01T00:00:00Z,year,julian,1051.5,1051.0,1052.0,1,P19,52.3,-3.416666666,british_isles,False,8,,,https://www.wikidata.org/wiki/Q2614469,https://en.wikipedia.org/wiki/Cadwgan_ap_Bleddyn
stratified,Q20962699:death,Mohammad Yousaf Abu al-Farah Tartusi,death,point,ok,+1055-10-28T00:00:00Z,day,julian,1055.9,1055.9,1055.9,1,P20,34.883333333,35.883333333,anatolia_levant_af,False,6,P793:1,,https://www.wikidata.org/wiki/Q20962699,https://en.wikipedia.org/wiki/Mohammad_Yousuf_Abu_al-Farah_Tartusi
stratified,Q7109491:death,"Otto, Margrave of the Nordmark",death,point,ok,+1057-06-26T00:00:00Z,day,julian,1057.5,1057.5,1057.5,1,P20,51.84,11.270555555,central_north,False,4,,,https://www.wikidata.org/wiki/Q7109491,"https://en.wikipedia.org/wiki/Otto,_Margrave_of_the_Nordmark"
stratified,Q476331:death,"Henry I, Count Palatine of Lotharingia",death,point,ok,+1060-07-29T00:00:00Z,day,gregorian,1060.6,1060.6,1060.6,1,P20,49.813889,6.4225,iberia_gaul,False,12,,,https://www.wikidata.org/wiki/Q476331,"https://en.wikipedia.org/wiki/Henry_I,_Count_Palatine_of_Lotharingia"
stratified,Q347973:birth,Adalbert von Saffenberg,birth,point,ok,+1074-00-00T00:00:00Z,year,julian,1074.5,1074.0,1075.0,1,P19,50.5197,7.02322,iberia_gaul,False,2,,,https://www.wikidata.org/wiki/Q347973,
stratified,Q15106512:death,Bilis von Henneberg,death,point,needsReview,+1076-12-19T00:00:00Z,day,julian,1077.0,1077.0,1077.0,2,none,,,unlocated,True,0,,,https://www.wikidata.org/wiki/Q15106512,
stratified,Q1235472:birth,Henry of Huntingdon,birth,point,ok,+1080-01-01T00:00:00Z,year,gregorian,1080.5,1080.0,1081.0,1,P19,52.381343889,-0.22054515,british_isles,False,27,,,https://www.wikidata.org/wiki/Q1235472,https://en.wikipedia.org/wiki/Henry_of_Huntingdon
stratified,Q971449:death,Mihailo I of Duklja,death,point,ok,+1081-00-00T00:00:00Z,year,julian,1081.5,1081.0,1082.0,1,none,,,unlocated,True,22,,,https://www.wikidata.org/wiki/Q971449,https://en.wikipedia.org/wiki/Mihailo_I_of_Duklja
stratified,Q12219197:birth,Fakhr-un-Nisa,birth,point,ok,+1089-00-00T00:00:00Z,year,gregorian,1089.5,1089.0,1090.0,1,P19,34.583333333,47.433055555,anatolia_levant_af,False,19,,,https://www.wikidata.org/wiki/Q12219197,https://en.wikipedia.org/wiki/Fakhr-un-Nisa
stratified,Q318434:death,Vsevolod I of Kiev,death,point,ok,+1093-04-10T00:00:00Z,day,gregorian,1093.3,1093.3,1093.3,2,P20,50.583277777,30.485333333,central_north,False,37,,,https://www.wikidata.org/wiki/Q318434,https://en.wikipedia.org/wiki/Vsevolod_I_of_Kiev
stratified,Q1246496:death,Nikephoros Bryennios the Elder,death,point,ok,+1095-00-00T00:00:00Z,year,gregorian,1095.5,1095.0,1096.0,1,P20,41.67304,26.57361,balkans_byzantium,False,21,,,https://www.wikidata.org/wiki/Q1246496,https://en.wikipedia.org/wiki/Nikephoros_Bryennios_the_Elder
stratified,Q188344:birth,Geoffrey of Monmouth,birth,point,ok,+1100-00-00T00:00:00Z,year,julian,1100.0,1090.0,1110.0,1,P19,51.81,-2.72,british_isles,False,68,,earliest-qualifier latest-qualifier,https://www.wikidata.org/wiki/Q188344,https://en.wikipedia.org/wiki/Geoffrey_of_Monmouth
stratified,Q63487755:death,Shaydhalah,death,point,ok,+1100-00-00T00:00:00Z,year,gregorian,1100.5,1100.0,1101.0,2,P20,33.315277777,44.366111111,anatolia_levant_af,False,1,,,https://www.wikidata.org/wiki/Q63487755,
stratified,Q2631942:birth,Hugo III van Voorne,birth,point,ok,+1100-01-01T00:00:00Z,year,gregorian,1100.5,1100.0,1101.0,1,P19,52.316666666,5.55,central_north,False,1,,,https://www.wikidata.org/wiki/Q2631942,
stratified,Q3608522:birth,Alberto Pitentino,birth,point,ok,+1100-01-01T00:00:00Z,year,gregorian,1100.5,1100.0,1101.0,1,P19,45.695,9.67,italy_w_med,False,3,,,https://www.wikidata.org/wiki/Q3608522,
stratified,Q6583146:birth,Samuel ben Natronai,birth,point,ok,+1100-00-00T00:00:00Z,year,gregorian,1100.5,1100.0,1101.0,1,P19,41.125277777,16.866666666,italy_w_med,False,2,,,https://www.wikidata.org/wiki/Q6583146,https://en.wikipedia.org/wiki/Samuel_ben_Natronai
stratified,Q12866952:birth,Mikael Maglakeli,birth,point,needsReview,+1100-00-00T00:00:00Z,century,julian,1101.0,1001.0,1201.0,2,P19,42.255555555,42.566111111,anatolia_levant_af,False,4,,century-year-ends-00,https://www.wikidata.org/wiki/Q12866952,https://en.wikipedia.org/wiki/Michael_Maglakeli
stratified,Q3592450:birth,Stephanie of Provence,birth,point,needsReview,+1110-00-00T00:00:00Z,year,gregorian,1105.5,1100.0,1111.0,2,P19,43.676944444,4.628611111,iberia_gaul,False,3,,,https://www.wikidata.org/wiki/Q3592450,
stratified,Q16198931:birth,John Gervais,birth,point,ok,+1200-00-00T00:00:00Z,millennium,julian,1501.0,1001.0,2001.0,1,P19,50.725555555,-3.526944444,british_isles,False,3,,,https://www.wikidata.org/wiki/Q16198931,https://en.wikipedia.org/wiki/John_Gervais
stratified,Q1234642:birth,Ulrich von Dürrmenz,birth,point,ok,+1100-00-00T00:00:00Z,millennium,julian,1501.0,1001.0,2001.0,1,P19,48.95,8.839166666,central_north,False,1,,,https://www.wikidata.org/wiki/Q1234642,
stratified,Q716002:birth,Renier de Huy,birth,point,ok,+1100-00-00T00:00:00Z,millennium,julian,1501.0,1001.0,2001.0,1,P19,50.516666666,5.233333333,iberia_gaul,False,8,,,https://www.wikidata.org/wiki/Q716002,https://en.wikipedia.org/wiki/Renier_de_Huy
